{"0.0": 38.05108798486282, "0.5": 41.466414380321666, "0.4700000000000002": 41.5042573320719, "1.0": 40.47303689687796, "0.1": 41.097445600756856, "0.05000000000000002": 40.122989593188265, "0.11000000000000003": 41.173131504257334, "0.18000000000000005": 41.51371807000946, "0.3800000000000001": 41.68401135288553, "0.41000000000000014": 41.63670766319773, "0.02000000000000001": 39.0728476821192, "0.15000000000000002": 41.41911069063387, "0.06000000000000002": 40.397350993377486, "0.3500000000000001": 41.702932828760645, "0.7000000000000001": 41.18259224219489, "0.040000000000000015": 39.877010406811735, "0.3400000000000001": 41.693472090823086, "0.13000000000000003": 41.28666035950804, "0.44000000000000017": 41.54210028382214, "0.33000000000000007": 41.66508987701041, "0.030000000000000013": 39.517502365184484, "0.3600000000000001": 41.68401135288553, "0.010000000000000009": 38.57142857142857, "0.9": 40.66225165562914, "0.08000000000000002": 40.804162724692524, "0.42000000000000015": 41.64616840113529, "0.32000000000000006": 41.65562913907285, "0.3900000000000001": 41.67455061494797, "0.09000000000000002": 40.95553453169347, "0.12000000000000002": 41.28666035950804, "0.30000000000000004": 41.61778618732261, "0.6000000000000001": 41.30558183538316, "0.8": 40.8325449385052, "0.4900000000000002": 41.475875118259225, "0.4600000000000002": 41.5042573320719, "0.14000000000000004": 41.381267738883636, "0.43000000000000016": 41.627246925260174, "0.4": 41.68401135288553, "0.2": 41.57994323557237, "0.4800000000000002": 41.466414380321666, "0.40000000000000013": 41.68401135288553, "0.3700000000000001": 41.7123935666982, "0.10000000000000003": 41.097445600756856, "0.17000000000000004": 41.485335856196784, "0.16000000000000003": 41.45695364238411, "0.4500000000000002": 41.52317880794702, "0.31000000000000005": 41.64616840113529, "0.19000000000000006": 41.551561021759696, "0.07000000000000002": 40.60548722800378}