{"0.0": 58.7038789025544, "0.5": 60.42573320719016, "0.24999999999999994": 60.47303689687796, "0.22499999999999995": 60.491958372753075, "0.2": 60.501419110690634, "0.4": 60.501419110690634, "0.19999999999999996": 60.501419110690634, "0.15": 60.28382213812677, "0.3": 60.491958372753075, "0.1": 59.98107852412488, "0.32499999999999996": 60.43519394512772, "0.3749999999999999": 60.44465468306528, "0.22499999999999998": 60.491958372753075, "0.29999999999999993": 60.491958372753075, "0.2749999999999999": 60.52980132450331, "0.3499999999999999": 60.42573320719016, "0.27499999999999997": 60.52980132450331, "0.175": 60.340586565752126, "0.24999999999999997": 60.47303689687796, "0.19999999999999998": 60.501419110690634, "0.125": 60.17029328287607}