{"0.0": 49.38148527153314, "0.5": 50.55219868260332, "0.4700000000000002": 50.65679657078685, "1.0": 49.42941873720074, "0.1": 51.43900844587828, "0.05000000000000002": 50.85177268026741, "0.11000000000000003": 51.480352287745575, "0.18000000000000005": 51.407238223773795, "0.3800000000000001": 50.98837389498063, "0.41000000000000014": 50.904944152037274, "0.02000000000000001": 50.14721420308759, "0.15000000000000002": 51.44632411319318, "0.06000000000000002": 50.99832748524856, "0.3500000000000001": 51.05473878466387, "0.7000000000000001": 50.04387858532151, "0.040000000000000015": 50.71779453202555, "0.3400000000000001": 51.09695526680464, "0.13000000000000003": 51.46803176286512, "0.44000000000000017": 50.750328385450956, "0.33000000000000007": 51.08656003704479, "0.030000000000000013": 50.48274076080976, "0.3600000000000001": 51.02069624778312, "0.010000000000000009": 49.783276285484334, "0.9": 49.61225308985533, "0.08000000000000002": 51.287846241998075, "0.42000000000000015": 50.86291093187272, "0.32000000000000006": 51.090863756093356, "0.3900000000000001": 50.97769237666097, "0.09000000000000002": 51.38514198968896, "0.12000000000000002": 51.492532756431544, "0.30000000000000004": 51.132186540327524, "0.6000000000000001": 50.305488596725716, "0.8": 49.77350147999188, "0.4900000000000002": 50.601509263440406, "0.4600000000000002": 50.66696379240156, "0.14000000000000004": 51.477146043614056, "0.43000000000000016": 50.8344259698619, "0.4": 50.95383534438388, "0.2": 51.38707515902031, "0.4800000000000002": 50.6088088071638, "0.40000000000000013": 50.95383534438388, "0.3700000000000001": 51.00527086288095, "0.10000000000000003": 51.43900844587828, "0.17000000000000004": 51.43695820822765, "0.16000000000000003": 51.42756151289179, "0.4500000000000002": 50.69554038767636, "0.31000000000000005": 51.118965631959604, "0.19000000000000006": 51.41907197480541, "0.07000000000000002": 51.12515584344335}