{"0.0": 70.13951110756749, "0.5": 70.23924555741816, "0.24999999999999994": 70.62319163460108, "0.22499999999999995": 70.70043233745601, "0.2": 70.783485957052, "0.4": 70.40840174098886, "0.19999999999999996": 70.783485957052, "0.15": 70.80780968380394, "0.3": 70.54146049255338, "0.1": 70.6996158762909, "0.32499999999999996": 70.48966745583493, "0.3749999999999999": 70.44403529696301, "0.22499999999999998": 70.70043233745601, "0.29999999999999993": 70.54146049255338, "0.2749999999999999": 70.58337614895837, "0.3499999999999999": 70.4946714228841, "0.27499999999999997": 70.58337614895837, "0.175": 70.79502894599578, "0.24999999999999997": 70.62319163460108, "0.19999999999999998": 70.783485957052, "0.125": 70.76156861917185}